group,attempt_bucket,n,successes,pending,raw_success_rate,posterior_mean_beta_1_1,wilson_low,wilson_high,sample_quality
ai_accelerator,1,8,4,0,0.5,0.5,0.21521252682444186,0.7847874731755582,low
ai_accelerator,2,4,2,0,0.5,0.5,0.15003570882017148,0.8499642911798285,low
ai_accelerator,3+,9,2,0,0.2222222222222222,0.2727272727272727,0.06322376231222723,0.5474166563271946,low
mega_cap_hardware,1,9,4,0,0.4444444444444444,0.45454545454545453,0.188775429471914,0.7333526542559703,low
mega_cap_hardware,2,5,2,0,0.4,0.42857142857142855,0.1176182311592533,0.769280067791163,low
mega_cap_hardware,3+,11,3,0,0.2727272727272727,0.3076923076923077,0.09745880573921467,0.5656502930102463,medium
mega_cap_software,1,14,4,0,0.2857142857142857,0.3125,0.11721187910109099,0.5464954117248438,medium
mega_cap_software,2,10,0,0,0.0,0.08333333333333333,0.0,0.2775401687666165,medium
mega_cap_software,3+,16,9,0,0.5625,0.5555555555555556,0.33178195606776517,0.7690163666481448,medium
