ticker,group,round,transition,from_attempt,to_attempt,episode_key,transition_key,y_success,drawdown_abs_low_pct,below_ma250_abs_low_pct,from_touch_day_overshoot,from_fixed_5d_overshoot,drawdown_atr_multiple,gap_days,trading_days_between,drawdown_bucket,below_ma250_bucket,attempt_bucket
MSFT,mega_cap_software_like,1,1_to_2,1,2,MSFT|1,MSFT|1|1_to_2|2010-11-02,0,15.375986160593548,16.687953961112168,-0.6289535002410807,-0.6289535002410807,4.733978167999181,152,106,012_020,015_020,1
MSFT,mega_cap_software_like,1,2_to_3,2,3,MSFT|1,MSFT|1|2_to_3|2010-11-08,0,3.139826242531518,2.78720026035455,0.4246721142125764,5.812866672780714,1.6957649647217312,6,4,003_005,000_005,2
MSFT,mega_cap_software_like,1,3_to_4,3,4,MSFT|1,MSFT|1|3_to_4|2010-12-02,1,6.44096607499447,7.458425739057972,5.812866672780714,5.812866672780714,2.6951529681693764,24,17,005_008,005_010,3+
MSFT,mega_cap_software_like,2,1_to_2,1,2,MSFT|2,MSFT|2|1_to_2|2011-04-20,0,4.111766090149171,4.815085003402664,0.178766236337613,0.7339432103880217,2.8159598842126115,15,11,003_005,000_005,1
MSFT,mega_cap_software_like,2,2_to_3,2,3,MSFT|2,MSFT|2|2_to_3|2011-06-28,1,7.589281336389487,7.069589433854128,0.2652426026404253,2.1737920394830024,4.45039626208163,69,47,005_008,005_010,2
MSFT,mega_cap_software_like,3,1_to_2,1,2,MSFT|3,MSFT|3|1_to_2|2011-08-29,0,6.153833135704612,7.032397248945166,0.0591296944267183,0.463866687888137,1.746567221123723,13,9,005_008,005_010,1
MSFT,mega_cap_software_like,3,2_to_3,2,3,MSFT|3,MSFT|3|2_to_3|2011-09-29,1,4.798750679359099,4.566444875091902,0.9080108140598896,4.669297985113774,1.540918693902397,31,22,003_005,000_005,2
MSFT,mega_cap_software_like,4,1_to_2,1,2,MSFT|4,MSFT|4|1_to_2|2011-12-05,0,1.7200952776762146,2.5383670911911294,-0.7938255087906243,0.3439737658232022,0.8890730530196524,5,3,000_003,000_005,1
MSFT,mega_cap_software_like,4,2_to_3,2,3,MSFT|4,MSFT|4|2_to_3|2011-12-08,0,1.4008034847816209,1.696015097134651,0.0613278865715827,0.3967008492908208,0.7325681691630563,3,3,000_003,000_005,2
MSFT,mega_cap_software_like,4,3_to_4,3,4,MSFT|4,MSFT|4|3_to_4|2011-12-13,1,0.4331079176635444,1.82954428309694,-0.2041042480870558,1.3384345972037748,0.2549869930379672,5,3,000_003,000_005,3+
MSFT,mega_cap_software_like,6,1_to_2,1,2,MSFT|6,MSFT|6|1_to_2|2013-03-20,0,10.312400730846749,10.576257895471308,1.0212060693277625,3.0457671332875917,5.222928809449076,139,94,008_012,010_015,1
MSFT,mega_cap_software_like,6,2_to_3,2,3,MSFT|6,MSFT|6|2_to_3|2013-03-27,0,1.2712137410331836,2.62324409175384,-0.8961798352774109,-0.8961798352774109,1.0478449014148432,7,5,000_003,000_005,2
MSFT,mega_cap_software_like,6,3_to_4,3,4,MSFT|6,MSFT|6|3_to_4|2013-04-02,1,1.0222117050397772,2.1141475137355203,-0.8243352325985165,1.0669654228210312,0.964377474072196,6,3,000_003,000_005,3+
MSFT,mega_cap_software_like,8,1_to_2,1,2,MSFT|8,MSFT|8|1_to_2|2015-02-12,0,1.389872989387253,2.442473591763028,-0.6246340093116864,-0.336209426450007,0.4338235922112923,7,5,000_003,000_005,1
MSFT,mega_cap_software_like,8,2_to_3,2,3,MSFT|8,MSFT|8|2_to_3|2015-03-20,0,5.084678554359268,6.0608403269611255,0.1334258349535266,2.839247092303609,1.8001050301909982,36,25,005_008,005_010,2
MSFT,mega_cap_software_like,8,3_to_4,3,4,MSFT|8,MSFT|8|3_to_4|2015-04-20,1,6.436578697344286,7.481547896691354,-0.7289541470485994,-0.3612959461399945,3.701161039740023,31,20,005_008,005_010,3+
MSFT,mega_cap_software_like,11,1_to_2,1,2,MSFT|11,MSFT|11|1_to_2|2015-09-17,0,0.7429726176659157,4.47710359070016,-0.8096871941036698,-0.8096871941036698,0.1927697001048985,8,6,000_003,000_005,1
MSFT,mega_cap_software_like,11,2_to_3,2,3,MSFT|11,MSFT|11|2_to_3|2015-09-25,1,2.2146965620353787,3.1735117668229678,0.6275211410441184,0.6275211410441184,0.92018736068993,8,6,000_003,000_005,2
MSFT,mega_cap_software_like,12,1_to_2,1,2,MSFT|12,MSFT|12|1_to_2|2022-04-21,0,5.451923939793013,5.295818899014648,1.9069859528475288,5.129608212381509,1.6655478361993714,36,25,005_008,005_010,1
MSFT,mega_cap_software_like,12,2_to_3,2,3,MSFT|12,MSFT|12|2_to_3|2022-08-12,0,13.794888397021989,18.509296627587624,-0.2969261316613125,-0.2969261316613125,4.932462536554727,113,78,012_020,015_020,2
MSFT,mega_cap_software_like,12,3_to_4,3,4,MSFT|12,MSFT|12|3_to_4|2023-02-02,0,26.729803314091384,24.15287538220232,-0.8265278385282238,-0.0590688061259503,10.749643037707378,174,119,020_plus,020_plus,3+
MSFT,mega_cap_software_like,12,4_to_5,4,5,MSFT|12,MSFT|12|4_to_5|2023-03-06,0,6.944385029157396,4.869636689855062,1.2064268832076674,6.084174734378633,2.735224168780759,32,21,005_008,000_005,3+
MSFT,mega_cap_software_like,12,5_to_6,5,6,MSFT|12,MSFT|12|5_to_6|2023-03-13,1,4.336834069309847,4.555235339542952,0.8302222467181375,0.8302222467181375,2.0882170314593727,7,5,003_005,000_005,3+
MSFT,mega_cap_software_like,13,1_to_2,1,2,MSFT|13,MSFT|13|1_to_2|2025-02-20,0,2.753588347181568,4.268468965428518,-0.9957305484395552,-0.8879869919311112,1.1201148926855746,14,9,000_003,000_005,1
MSFT,mega_cap_software_like,13,2_to_3,2,3,MSFT|13,MSFT|13|2_to_3|2025-05-01,1,17.143671361676482,17.595333817943846,-0.5763530359010449,-0.5763530359010449,12.573417360939688,70,49,012_020,015_020,2
MSFT,mega_cap_software_like,14,1_to_2,1,2,MSFT|14,MSFT|14|1_to_2|2026-06-01,0,23.362336175866105,23.42457148986353,1.2290798012291049,3.8397330805557184,10.630548062501186,129,88,020_plus,020_plus,1
AAPL,mega_cap_software_like,1,1_to_2,1,2,AAPL|1,AAPL|1|1_to_2|2013-08-14,0,31.531951036675675,30.144237203754955,2.3720905152300853,5.804401060367237,9.482277773328745,268,184,020_plus,020_plus,1
AAPL,mega_cap_software_like,1,2_to_3,2,3,AAPL|1,AAPL|1|2_to_3|2013-09-23,1,10.28688161335144,7.986000579014596,0.8439897481855141,3.0408094752100823,5.242757812068119,40,27,008_012,005_010,2
AAPL,mega_cap_software_like,2,1_to_2,1,2,AAPL|2,AAPL|2|1_to_2|2015-09-14,0,20.104213477616074,21.01686951859577,0.252422533448593,1.2007526825955628,7.031298279121304,32,21,020_plus,020_plus,1
AAPL,mega_cap_software_like,2,2_to_3,2,3,AAPL|2,AAPL|2|2_to_3|2015-09-25,0,2.983273762904504,4.719558233842602,-0.2350058708620039,-0.2350058708620039,0.9131637900077928,11,9,000_003,000_005,2
AAPL,mega_cap_software_like,2,3_to_4,3,4,AAPL|2,AAPL|2|3_to_4|2015-10-23,0,6.451067269727206,8.995920472247942,-0.8776409895659754,-0.8776409895659754,2.854789554712819,28,20,005_008,005_010,3+
AAPL,mega_cap_software_like,2,4_to_5,4,5,AAPL|2,AAPL|2|4_to_5|2015-11-19,0,6.386373831124271,6.644744314269079,0.3944067342278368,1.460460091702198,3.468026645080198,27,19,005_008,005_010,3+
AAPL,mega_cap_software_like,2,5_to_6,5,6,AAPL|2,AAPL|2|5_to_6|2015-11-30,0,1.7006207612559998,1.8272111210436703,0.6868064399198737,0.8207380505366624,0.7993014243789102,11,6,000_003,000_005,3+
AAPL,mega_cap_software_like,2,6_to_7,6,7,AAPL|2,AAPL|2|6_to_7|2015-12-07,0,3.448872042295237,4.04742062546789,0.3402084740612432,0.3402084740612432,1.7500030970605112,7,5,003_005,000_005,3+
AAPL,mega_cap_software_like,2,7_to_8,7,8,AAPL|2,AAPL|2|7_to_8|2016-04-13,0,21.888746638820898,21.969408644748132,0.6412266982948722,0.6412266982948722,11.768166142880052,128,87,020_plus,020_plus,3+
AAPL,mega_cap_software_like,2,8_to_9,8,9,AAPL|2,AAPL|2|8_to_9|2016-07-29,1,19.65838727981345,18.959630755224637,-0.8055023579296994,-0.7249456598323545,11.518639511306525,107,75,012_020,015_020,3+
AAPL,mega_cap_software_like,6,1_to_2,1,2,AAPL|6,AAPL|6|1_to_2|2022-09-21,0,9.214959504261078,6.132596837701554,3.995791015582073,3.995791015582073,3.79004077215814,9,7,008_012,005_010,1
AAPL,mega_cap_software_like,6,2_to_3,2,3,AAPL|6,AAPL|6|2_to_3|2022-10-28,0,12.587833004005333,15.157513812592816,0.3482932290043372,0.3482932290043372,4.066961473802618,37,27,012_020,015_020,2
AAPL,mega_cap_software_like,6,3_to_4,3,4,AAPL|6,AAPL|6|3_to_4|2023-02-03,0,20.13871946485433,19.402182766021447,-0.5002387146754272,-0.5002387146754272,6.018319303897337,98,66,020_plus,015_020,3+
AAPL,mega_cap_software_like,6,4_to_5,4,5,AAPL|6,AAPL|6|4_to_5|2023-02-28,1,5.538824296525934,3.00502162986408,3.959080801612713,3.959080801612713,2.090103645624517,25,16,005_008,000_005,3+
AAPL,mega_cap_software_like,8,1_to_2,1,2,AAPL|8,AAPL|8|1_to_2|2024-05-03,1,8.165896777795446,9.289107766911364,-0.8598982148897427,-0.8598982148897427,3.961596275882832,44,31,008_012,005_010,1
AAPL,mega_cap_software_like,9,1_to_2,1,2,AAPL|9,AAPL|9|1_to_2|2025-08-08,1,22.47674325012763,22.97802024412493,0.5083466628002631,3.052145161013864,7.118982921750348,140,96,020_plus,020_plus,1
GOOGL,mega_cap_software_like,1,1_to_2,1,2,GOOGL|1,GOOGL|1|1_to_2|2010-09-27,0,15.120972146260424,17.206888196420135,1.4884113584580303,1.4884113584580303,4.104362262895397,137,94,012_020,015_020,1
GOOGL,mega_cap_software_like,1,2_to_3,2,3,GOOGL|1,GOOGL|1|2_to_3|2010-10-05,1,2.2548528768221887,2.105579068067154,1.4235425096369214,1.4235425096369214,1.3675230268905638,8,6,000_003,000_005,2
GOOGL,mega_cap_software_like,2,1_to_2,1,2,GOOGL|2,GOOGL|2|1_to_2|2011-05-10,0,2.659439249180695,3.181023958347695,-0.4892512342872801,-0.212159669907308,1.4044678583748904,11,7,000_003,000_005,1
GOOGL,mega_cap_software_like,2,2_to_3,2,3,GOOGL|2,GOOGL|2|2_to_3|2011-07-07,0,12.833074462682523,14.165260645720345,-0.5813453265416713,-0.5813453265416713,9.59134343266188,58,40,012_020,010_015,2
GOOGL,mega_cap_software_like,2,3_to_4,3,4,GOOGL|2,GOOGL|2|3_to_4|2011-07-15,0,3.8602221006650894,5.04703558473969,-0.4405973124427254,-0.4405973124427254,1.8317078075951156,8,6,003_005,005_010,3+
GOOGL,mega_cap_software_like,2,4_to_5,4,5,GOOGL|2,GOOGL|2|4_to_5|2011-10-14,1,19.58100196711869,15.402411863763575,8.226932044913848,9.273769930777064,6.9554178108096085,91,64,012_020,015_020,3+
GOOGL,mega_cap_software_like,3,1_to_2,1,2,GOOGL|3,GOOGL|3|1_to_2|2012-06-19,0,3.754569872468605,5.182816260033829,0.3895199774966107,0.3895199774966107,1.5169734588051105,12,8,003_005,005_010,1
GOOGL,mega_cap_software_like,3,2_to_3,2,3,GOOGL|3,GOOGL|3|2_to_3|2012-07-05,0,4.182093727431003,5.560164291429837,-0.624044293678383,-0.624044293678383,2.158087745202945,16,11,003_005,005_010,2
GOOGL,mega_cap_software_like,3,3_to_4,3,4,GOOGL|3,GOOGL|3|3_to_4|2012-07-19,1,5.676951169480649,4.969613829178099,1.5660912203790731,1.5660912203790731,3.0788478965757475,14,10,005_008,000_005,3+
GOOGL,mega_cap_software_like,4,1_to_2,1,2,GOOGL|4,GOOGL|4|1_to_2|2015-02-26,0,13.552387150470524,13.360507648934906,0.3301804718015999,0.3301804718015999,6.009477658062667,118,79,012_020,010_015,1
GOOGL,mega_cap_software_like,4,2_to_3,2,3,GOOGL|4,GOOGL|4|2_to_3|2015-04-13,0,4.2178495389498805,3.9044261273761705,0.0664999244172959,4.008063019326613,2.5080521106574287,46,31,003_005,000_005,2
GOOGL,mega_cap_software_like,4,3_to_4,3,4,GOOGL|4,GOOGL|4|3_to_4|2015-04-23,0,3.579745193282413,5.069827712190267,-0.7417767278007803,-0.7417767278007803,2.2430977653980566,10,8,003_005,005_010,3+
GOOGL,mega_cap_software_like,4,4_to_5,4,5,GOOGL|4,GOOGL|4|4_to_5|2015-05-11,0,4.524090454389562,4.684985583220458,0.6644496153203505,4.847204791220516,2.759090915537324,18,12,003_005,000_005,3+
GOOGL,mega_cap_software_like,4,5_to_6,5,6,GOOGL|4,GOOGL|4|5_to_6|2015-05-19,0,1.9751413100698945,4.214381068114204,-0.9223882912643644,-0.9223882912643644,0.9454893674812,8,6,000_003,000_005,3+
GOOGL,mega_cap_software_like,4,6_to_7,6,7,GOOGL|4,GOOGL|4|6_to_7|2015-05-27,0,1.1487810086709516,2.7813571519883395,-0.951848932597288,-0.0639062306919902,0.675437195338556,8,5,000_003,000_005,3+
GOOGL,mega_cap_software_like,4,7_to_8,7,8,GOOGL|4,GOOGL|4|7_to_8|2015-06-02,0,1.9251177318869608,2.631624151404399,-0.5638579248420816,0.0927235182897723,1.2299677272009562,6,4,000_003,000_005,3+
GOOGL,mega_cap_software_like,4,8_to_9,8,9,GOOGL|4,GOOGL|4|8_to_9|2015-06-11,0,2.7258847568498723,3.413040003789558,0.0927235182897723,0.0927235182897723,1.8589577200500664,9,7,000_003,000_005,3+
GOOGL,mega_cap_software_like,4,9_to_10,9,10,GOOGL|4,GOOGL|4|9_to_10|2015-06-19,0,1.9689686721538704,3.3279512708964454,-0.5363879078063571,-0.5363879078063571,1.4035138347771188,8,6,000_003,000_005,3+
GOOGL,mega_cap_software_like,4,10_to_11,10,11,GOOGL|4,GOOGL|4|10_to_11|2015-07-07,1,3.2250048856147684,3.071924853926289,0.0686597304029312,1.4591155316598936,2.4510259649045696,18,11,003_005,000_005,3+
GOOGL,mega_cap_software_like,8,1_to_2,1,2,GOOGL|8,GOOGL|8|1_to_2|2018-12-03,0,9.822113641256468,10.703584563497117,0.1712058996610865,0.1712058996610865,3.3493483113194253,42,29,008_012,010_015,1
GOOGL,mega_cap_software_like,8,2_to_3,2,3,GOOGL|8,GOOGL|8|2_to_3|2019-01-18,0,12.424318033414716,12.89872593061634,1.0299159429487448,1.0299159429487448,4.930689287277478,46,31,012_020,010_015,2
GOOGL,mega_cap_software_like,8,3_to_4,3,4,GOOGL|8,GOOGL|8|3_to_4|2019-01-31,1,3.72799243024593,4.603214985952109,-0.1597736131705218,-0.1597736131705218,1.5601347437734383,13,8,003_005,000_005,3+
GOOGL,mega_cap_software_like,12,1_to_2,1,2,GOOGL|12,GOOGL|12|1_to_2|2023-04-04,1,3.5116561362458665,5.214195081559925,0.7110537856042098,0.7110537856042098,1.1971726685305824,13,9,003_005,005_010,1
GOOGL,mega_cap_software_like,13,1_to_2,1,2,GOOGL|13,GOOGL|13|1_to_2|2025-06-06,1,2.96630286686993,4.902232806804474,0.6678136354594022,2.789544684938328,0.879728228290372,16,11,000_003,000_005,1
AMZN,mega_cap_software_like,2,1_to_2,1,2,AMZN|2,AMZN|2|1_to_2|2011-12-07,0,4.0633084766397936,3.901599139992496,0.8020190735517296,1.5713803736784993,0.9363727454909848,6,4,003_005,000_005,1
AMZN,mega_cap_software_like,2,2_to_3,2,3,AMZN|2,AMZN|2|2_to_3|2012-01-19,0,14.51464263772272,15.164469251807231,-0.0448581156298755,-0.0448581156298755,3.391438092796721,43,28,012_020,015_020,2
AMZN,mega_cap_software_like,2,3_to_4,3,4,AMZN|2,AMZN|2|3_to_4|2012-01-26,0,5.466700951401382,6.55186234380658,-0.3193403270893014,-0.3193403270893014,1.9272209272209235,7,5,005_008,005_010,3+
AMZN,mega_cap_software_like,2,4_to_5,4,5,AMZN|2,AMZN|2|4_to_5|2012-03-26,0,11.028346782536737,12.73459933105997,-0.9959648424654466,-0.2097778370030112,3.77536048570706,60,41,008_012,010_015,3+
AMZN,mega_cap_software_like,2,5_to_6,5,6,AMZN|2,AMZN|2|5_to_6|2012-04-27,1,9.474047419529752,7.909004368217165,2.1560220464140745,5.563468973042762,4.089983280133764,32,23,008_012,005_010,3+
AMZN,mega_cap_software_like,3,1_to_2,1,2,AMZN|3,AMZN|3|1_to_2|2014-06-10,0,12.47422901885268,13.85197724239674,0.4546649625960741,3.0023203498424467,3.616443996261062,54,36,012_020,010_015,1
AMZN,mega_cap_software_like,3,2_to_3,2,3,AMZN|3,AMZN|3|2_to_3|2014-06-18,0,2.674407949555801,3.2543120168885054,0.5752962584657517,2.067416062854388,1.2197172796090672,8,6,000_003,000_005,2
AMZN,mega_cap_software_like,3,3_to_4,3,4,AMZN|3,AMZN|3|3_to_4|2014-07-03,0,4.174890842753753,4.427852453623316,0.272933086212368,1.1488765053263572,1.7306299000495715,15,11,003_005,000_005,3+
AMZN,mega_cap_software_like,3,4_to_5,4,5,AMZN|3,AMZN|3|4_to_5|2014-07-11,0,4.76754866810869,4.702761929768662,0.3957243457435977,0.3957243457435977,2.3520930662852533,8,5,003_005,000_005,3+
AMZN,mega_cap_software_like,3,5_to_6,5,6,AMZN|3,AMZN|3|5_to_6|2014-08-18,0,12.019059042117808,10.374912723190644,2.7777230867334968,6.243015658602302,5.609426429275881,38,26,012_020,010_015,3+
AMZN,mega_cap_software_like,3,6_to_7,6,7,AMZN|3,AMZN|3|6_to_7|2014-08-26,0,1.114991181657854,3.234048168439485,-0.9721792394158824,-0.9721792394158824,0.5372400282386919,8,6,000_003,000_005,3+
AMZN,mega_cap_software_like,3,7_to_8,7,8,AMZN|3,AMZN|3|7_to_8|2014-09-04,0,2.129702023210478,2.2667056799764,0.5991188762844102,1.203937359399232,1.2585754507285698,9,6,000_003,000_005,3+
AMZN,mega_cap_software_like,3,8_to_9,8,9,AMZN|3,AMZN|3|8_to_9|2014-11-21,0,17.907216770792502,17.514907939047475,1.6946188939464646,1.6946188939464646,11.528658403821666,78,56,012_020,015_020,3+
AMZN,mega_cap_software_like,3,9_to_10,9,10,AMZN|3,AMZN|3|9_to_10|2014-11-28,0,0.405862369599852,2.5658972401401803,-0.5494313610783119,0.5614418318409475,0.1833021401032164,7,4,000_003,000_005,3+
AMZN,mega_cap_software_like,3,10_to_11,10,11,AMZN|3,AMZN|3|10_to_11|2015-01-30,1,15.766000222419107,12.914877775025625,0.5614418318409475,0.5614418318409475,7.467128577996285,63,42,012_020,010_015,3+
AMZN,mega_cap_software_like,5,1_to_2,1,2,AMZN|5,AMZN|5|1_to_2|2019-01-08,0,22.09804757912851,20.246245655995267,4.449065046434697,10.003541760962475,5.327031538327335,41,26,020_plus,020_plus,1
AMZN,mega_cap_software_like,5,2_to_3,2,3,AMZN|5,AMZN|5|2_to_3|2019-02-01,0,3.975659395244202,4.652856465568311,1.5775977441180755,1.5775977441180755,0.8426534712939541,24,17,003_005,000_005,2
AMZN,mega_cap_software_like,5,3_to_4,3,4,AMZN|5,AMZN|5|3_to_4|2019-03-04,0,3.6569291716801566,6.523759273051422,0.1038700242932844,0.1038700242932844,1.1505294821919547,31,20,003_005,005_010,3+
AMZN,mega_cap_software_like,5,4_to_5,4,5,AMZN|5,AMZN|5|4_to_5|2019-03-13,1,6.46161985033058,5.959183691561942,1.418015718745358,1.418015718745358,3.962097026497395,9,7,005_008,005_010,3+
AMZN,mega_cap_software_like,6,1_to_2,1,2,AMZN|6,AMZN|6|1_to_2|2019-10-15,1,1.9917777022223528,2.9542300716889125,-0.9959252970238476,-0.5537303672304872,1.035961376684279,11,7,000_003,000_005,1
AMZN,mega_cap_software_like,7,1_to_2,1,2,AMZN|7,AMZN|7|1_to_2|2019-11-25,0,0.8690758979476465,2.1893921675160355,-0.3188976651317121,1.4701819724654452,0.7085703022240836,5,3,000_003,000_005,1
AMZN,mega_cap_software_like,7,2_to_3,2,3,AMZN|7,AMZN|7|2_to_3|2019-12-12,1,2.189601066729796,2.216066784306814,0.3899202975794935,2.987571149002055,1.7963078585190937,17,12,000_003,000_005,2
AMZN,mega_cap_software_like,11,1_to_2,1,2,AMZN|11,AMZN|11|1_to_2|2022-03-22,0,19.22418995899904,19.579652722241715,-0.6671702721406492,-0.3756672968579733,8.788305853998134,70,48,012_020,015_020,1
AMZN,mega_cap_software_like,11,2_to_3,2,3,AMZN|11,AMZN|11|2_to_3|2023-04-24,0,50.61526478466048,37.536363535310336,0.1057409534720665,1.7199248857085123,14.154337192847963,398,273,020_plus,020_plus,2
AMZN,mega_cap_software_like,11,3_to_4,3,4,AMZN|11,AMZN|11|3_to_4|2023-05-10,1,4.764143722475689,6.186949761949068,0.6843390247619041,2.5831397410142065,1.671542347479218,16,12,003_005,005_010,3+
AMZN,mega_cap_software_like,12,1_to_2,1,2,AMZN|12,AMZN|12|1_to_2|2025-05-12,1,17.21979611007636,17.96903744535325,1.5928686310698437,4.95820842016419,4.578023991197036,53,36,012_020,015_020,1
AMZN,mega_cap_software_like,13,1_to_2,1,2,AMZN|13,AMZN|13|1_to_2|2026-04-08,1,9.043574869429294,8.834894500443358,1.295714424745209,1.295714424745209,3.4443341327161128,34,23,008_012,005_010,1
META,mega_cap_software_like,1,1_to_2,1,2,META|1,META|1|1_to_2|2013-06-28,0,3.825575615311494,7.592295843130481,-0.8166282828212634,-0.8166282828212634,1.339502355584369,9,7,003_005,005_010,1
META,mega_cap_software_like,1,2_to_3,2,3,META|1,META|1|2_to_3|2013-07-09,1,2.934091919497761,3.7864024929909257,-0.7852953999610168,-0.3679886229426943,1.017930947807058,11,6,000_003,000_005,2
META,mega_cap_software_like,2,1_to_2,1,2,META|2,META|2|1_to_2|2018-04-19,0,1.9360299388373137,3.2306581856804906,0.1203905397309634,0.1203905397309634,0.452702075748836,8,6,000_003,000_005,1
META,mega_cap_software_like,2,2_to_3,2,3,META|2,META|2|2_to_3|2018-04-26,1,7.085056998872252,7.736883440736364,-0.41205851469851,-0.4019386229543897,2.5013480689038645,7,5,005_008,005_010,2
META,mega_cap_software_like,3,1_to_2,1,2,META|3,META|3|1_to_2|2018-08-27,0,7.959499133313086,4.942324348078331,3.5730719182023085,4.942786798594012,1.957245255198534,21,15,005_008,000_005,1
META,mega_cap_software_like,3,2_to_3,2,3,META|3,META|3|2_to_3|2019-01-31,0,30.677334153150817,28.55693059369726,-0.6997114811927885,-0.112524053362617,14.617555921336532,157,107,020_plus,020_plus,2
META,mega_cap_software_like,3,3_to_4,3,4,META|3,META|3|3_to_4|2019-02-25,0,4.259429432861984,4.638943286820374,2.127695022984044,2.7453563792405378,1.291420722489595,25,16,003_005,000_005,3+
META,mega_cap_software_like,3,4_to_5,4,5,META|3,META|3|4_to_5|2019-03-04,0,2.557387363093011,3.977845616317533,-0.6678625123787918,-0.5249360322613805,1.2618191723060197,7,5,000_003,000_005,3+
META,mega_cap_software_like,3,5_to_6,5,6,META|3,META|3|5_to_6|2019-03-22,1,4.833618507753645,4.26740656988428,0.3668552119459045,4.05321466765054,2.5566671805246988,18,14,003_005,000_005,3+
META,mega_cap_software_like,5,1_to_2,1,2,META|5,META|5|1_to_2|2023-02-02,1,72.7275611537483,58.663176525155095,0.4826641545629062,0.4826641545629062,19.404902636884284,365,251,020_plus,020_plus,1
META,mega_cap_software_like,6,1_to_2,1,2,META|6,META|6|1_to_2|2025-04-28,1,9.723796548740816,13.97335143956112,0.0353941595947926,0.0353941595947926,1.4321462781705907,14,9,008_012,010_015,1
META,mega_cap_software_like,8,1_to_2,1,2,META|8,META|8|1_to_2|2025-12-18,0,3.464704151802034,4.125831776264565,1.6410028138839072,1.664611705949648,1.3037047802117665,14,10,003_005,000_005,1
META,mega_cap_software_like,8,2_to_3,2,3,META|8,META|8|2_to_3|2025-12-24,0,1.2024968151248316,1.51985221178772,0.6527126130307259,1.0191992887013337,0.4096805515223495,6,4,000_003,000_005,2
META,mega_cap_software_like,8,3_to_4,3,4,META|8,META|8|3_to_4|2025-12-30,0,1.971385474458676,2.006518842707705,0.1320364598427215,0.6173289867098974,0.7405527987863891,6,3,000_003,000_005,3+
META,mega_cap_software_like,8,4_to_5,4,5,META|8,META|8|4_to_5|2026-01-05,0,3.3711239516540537,3.756057442724903,0.6173289867098974,0.6173289867098974,1.3016213078923022,6,3,003_005,000_005,3+
META,mega_cap_software_like,8,5_to_6,5,6,META|8,META|8|5_to_6|2026-01-26,0,8.923935051894905,10.413530235035315,-0.6425689583851368,-0.5153208406156629,4.441533983919801,21,14,008_012,010_015,3+
META,mega_cap_software_like,8,6_to_7,6,7,META|8,META|8|6_to_7|2026-02-20,0,6.575335830392959,5.954315736877458,0.8070414081080335,11.03346867125159,2.523911053971547,25,18,005_008,005_010,3+
META,mega_cap_software_like,8,7_to_8,7,8,META|8,META|8|7_to_8|2026-03-04,0,4.069183905987872,5.763161977192944,-0.6404232802541321,-0.6404232802541321,1.25794058735769,12,8,003_005,005_010,3+
META,mega_cap_software_like,8,8_to_9,8,9,META|8,META|8|8_to_9|2026-04-15,0,22.018558785240984,22.08264974520221,0.8000788677426263,0.8000788677426263,7.996674652004029,42,29,020_plus,020_plus,3+
NVDA,ai_accelerator,1,1_to_2,1,2,NVDA|1,NVDA|1|1_to_2|2010-11-19,1,5.128458530575408,8.089095337145624,-0.0959152711688893,-0.0959152711688893,1.7468861709119474,7,5,005_008,005_010,1
NVDA,ai_accelerator,2,1_to_2,1,2,NVDA|2,NVDA|2|1_to_2|2012-03-28,0,12.691491868960636,7.619892657758864,3.670089162036727,3.730867576377905,3.99727663266474,49,34,012_020,005_010,1
NVDA,ai_accelerator,2,2_to_3,2,3,NVDA|2,NVDA|2|2_to_3|2012-08-06,0,23.284935903900504,18.97725063666057,0.1743703801449614,1.217065192852984,11.13080094054681,131,90,020_plus,015_020,2
NVDA,ai_accelerator,2,3_to_4,3,4,NVDA|2,NVDA|2|3_to_4|2012-09-14,0,7.565865369625547,8.005302467322451,0.8002148323107416,8.784060883881661,2.135178620811025,39,28,005_008,005_010,3+
NVDA,ai_accelerator,2,4_to_5,4,5,NVDA|2,NVDA|2|4_to_5|2012-09-25,0,3.901678460285696,5.242058991626564,0.2521916468410712,0.2521916468410712,1.2834968592638747,11,7,003_005,005_010,3+
NVDA,ai_accelerator,2,5_to_6,5,6,NVDA|2,NVDA|2|5_to_6|2013-02-28,0,16.853098106151908,19.01448288417278,-0.9581585102218848,-0.9581585102218848,5.353565066999761,156,105,012_020,015_020,3+
NVDA,ai_accelerator,2,6_to_7,6,7,NVDA|2,NVDA|2|6_to_7|2013-03-06,0,1.5796431832740598,3.5836848939859838,-0.6381037130206546,0.7866081637961875,0.62105525041625,6,4,000_003,000_005,3+
NVDA,ai_accelerator,2,7_to_8,7,8,NVDA|2,NVDA|2|7_to_8|2013-03-13,0,1.7983257897186469,2.402954918589284,0.7866081637961875,0.7866081637961875,0.7165222065443791,7,5,000_003,000_005,3+
NVDA,ai_accelerator,2,8_to_9,8,9,NVDA|2,NVDA|2|8_to_9|2013-03-28,0,3.2965619053423434,3.785938850031989,0.7637274702234187,0.7637274702234187,1.5695088951580372,15,11,003_005,000_005,3+
NVDA,ai_accelerator,2,9_to_10,9,10,NVDA|2,NVDA|2|9_to_10|2013-04-09,1,6.157518702193832,5.537992760034793,0.4685813292350627,0.4685813292350627,3.5793000432761413,12,7,005_008,005_010,3+
NVDA,ai_accelerator,4,1_to_2,1,2,NVDA|4,NVDA|4|1_to_2|2015-07-16,0,0.6183905644812304,4.421209722023123,-0.6554193256090857,-0.6554193256090857,0.2148877519166561,7,5,000_003,000_005,1
NVDA,ai_accelerator,4,2_to_3,2,3,NVDA|4,NVDA|4|2_to_3|2015-07-29,1,5.448058495159557,5.754355872885675,-0.0675074529751795,-0.0675074529751795,2.178167410884108,13,9,005_008,005_010,2
NVDA,ai_accelerator,7,1_to_2,1,2,NVDA|7,NVDA|7|1_to_2|2023-01-18,1,49.63923097010425,49.71949209074735,-0.8887096606724265,-0.8887096606724265,8.243913127207724,273,187,020_plus,020_plus,1
NVDA,ai_accelerator,9,1_to_2,1,2,NVDA|9,NVDA|9|1_to_2|2025-03-24,0,5.8601087368716165,4.690223817301787,1.6160761914356223,2.349879969956814,0.9224498573329172,10,6,005_008,000_005,1
NVDA,ai_accelerator,9,2_to_3,2,3,NVDA|9,NVDA|9|2_to_3|2025-05-13,1,28.65497707412755,28.612580352688266,1.3300974839928426,1.3300974839928426,6.410616354882414,50,35,020_plus,020_plus,2
QQQ,etf_context,2,1_to_2,1,2,QQQ|2,QQQ|2|1_to_2|2011-08-30,0,6.682863925425631,8.260226580293907,-0.7851394217798568,-0.0059375394698246,1.8508192574310995,18,12,005_008,005_010,1
QQQ,etf_context,2,2_to_3,2,3,QQQ|2,QQQ|2|2_to_3|2011-09-14,0,5.566659293907616,5.407885813727686,1.0143823703647523,1.7481014170360964,1.900616426819536,15,10,005_008,005_010,2
QQQ,etf_context,2,3_to_4,3,4,QQQ|2,QQQ|2|3_to_4|2011-10-10,1,9.333651477351149,9.356013853149191,1.688541505827823,4.1271730203646495,3.7520539370363686,26,18,008_012,005_010,3+
QQQ,etf_context,3,1_to_2,1,2,QQQ|3,QQQ|3|1_to_2|2011-12-20,1,3.65350435448758,3.2333329241925446,0.7212769729441293,2.7534631251018293,1.6976420719126537,20,14,003_005,000_005,1
QQQ,etf_context,4,1_to_2,1,2,QQQ|4,QQQ|4|1_to_2|2015-10-05,1,4.255486213323401,5.960329611491099,0.1697659342353441,1.3424470947932976,1.1597900436576472,32,21,003_005,005_010,1
QQQ,etf_context,7,1_to_2,1,2,QQQ|7,QQQ|7|1_to_2|2016-05-16,0,1.147054371112055,2.1162463255227304,0.0621843749291306,0.0621843749291306,0.8965943193036198,5,3,000_003,000_005,1
QQQ,etf_context,7,2_to_3,2,3,QQQ|7,QQQ|7|2_to_3|2016-05-24,1,2.1344211854029127,2.616077774858028,-0.1693080994317197,-0.1693080994317197,1.664227367021435,8,6,000_003,000_005,2
QQQ,etf_context,8,1_to_2,1,2,QQQ|8,QQQ|8|1_to_2|2018-12-03,0,3.1001755308129986,3.5690731620223737,-0.4838993607862329,2.1070140614798394,1.34917947814463,5,3,003_005,000_005,1
QQQ,etf_context,8,2_to_3,2,3,QQQ|8,QQQ|8|2_to_3|2019-02-04,1,16.514572346714985,15.341528165953068,2.1070140614798394,2.1070140614798394,7.813963081764309,63,41,012_020,015_020,2
QQQ,etf_context,11,1_to_2,1,2,QQQ|11,QQQ|11|1_to_2|2022-03-22,0,12.560278588322385,11.68094620382606,1.975518664143383,3.696339874983501,4.005276240410612,50,35,012_020,010_015,1
QQQ,etf_context,11,2_to_3,2,3,QQQ|11,QQQ|11|2_to_3|2022-03-25,0,1.8937637580553777,2.660794184186066,-0.5344541050128715,1.2570876811204723,0.673092294324115,3,3,000_003,000_005,2
QQQ,etf_context,11,3_to_4,3,4,QQQ|11,QQQ|11|3_to_4|2023-02-01,0,28.981069621920277,24.58625373471765,0.1056824808847833,3.0939286245761144,11.257667114576977,313,214,020_plus,020_plus,3+
QQQ,etf_context,11,4_to_5,4,5,QQQ|11,QQQ|11|4_to_5|2023-02-28,1,3.612247402228797,3.124807134253327,0.5639423033147795,4.015166042086893,1.7850979739458728,27,18,003_005,000_005,3+
QQQ,etf_context,13,1_to_2,1,2,QQQ|13,QQQ|13|1_to_2|2025-05-01,1,16.19912109109759,16.625153576746797,0.7190522274727718,2.4450297580894675,5.910145414275053,43,30,012_020,015_020,1
XLK,etf_context,1,1_to_2,1,2,XLK|1,XLK|1|1_to_2|2010-08-18,0,1.907856272740216,3.0650222841369423,0.4775973929287191,2.627560369577941,0.9487540053755312,37,27,000_003,000_005,1
XLK,etf_context,1,2_to_3,2,3,XLK|1,XLK|1|2_to_3|2010-09-03,0,4.9861292863611295,5.638288500004718,0.0734936645044426,0.0734936645044426,3.0920145836336284,16,12,003_005,005_010,2
XLK,etf_context,1,3_to_4,3,4,XLK|1,XLK|1|3_to_4|2010-09-09,1,1.012423183045974,1.4667731448042676,-0.4589969533232096,0.1994255319199833,0.6123252527746965,6,3,000_003,000_005,3+
XLK,etf_context,2,1_to_2,1,2,XLK|2,XLK|2|1_to_2|2011-09-15,0,5.892030408902238,8.138956596420988,-0.834302465717518,-0.834302465717518,2.260108575989171,15,10,005_008,005_010,1
XLK,etf_context,2,2_to_3,2,3,XLK|2,XLK|2|2_to_3|2011-09-20,0,1.3709750952876745,2.5321358078851497,-0.9780568530854185,1.0366381378482004,0.5898408519119462,5,3,000_003,000_005,2
XLK,etf_context,2,3_to_4,3,4,XLK|2,XLK|2|3_to_4|2011-09-27,0,5.792403807576408,6.473778959236675,1.0366381378482004,1.0366381378482004,2.7277053621063643,7,5,005_008,005_010,3+
XLK,etf_context,2,4_to_5,4,5,XLK|2,XLK|2|4_to_5|2011-10-11,1,8.167412664034524,9.884984764372016,-0.3178525422827039,-0.3178525422827039,3.5035090552182067,14,10,008_012,005_010,3+
XLK,etf_context,5,1_to_2,1,2,XLK|5,XLK|5|1_to_2|2015-09-17,0,0.2257332115712218,3.536064207998024,-0.9171277668095112,-0.6405312151128273,0.0554577170236141,8,6,000_003,000_005,1
XLK,etf_context,5,2_to_3,2,3,XLK|5,XLK|5|2_to_3|2015-10-07,1,5.265235233576993,6.441158032038419,0.3322715648306884,0.3322715648306884,2.898070513363189,20,14,005_008,005_010,2
XLK,etf_context,6,1_to_2,1,2,XLK|6,XLK|6|1_to_2|2016-02-22,0,7.586381142013421,8.338445497205772,-0.4023127307781204,-0.4023127307781204,3.0870844573432303,21,14,005_008,005_010,1
XLK,etf_context,6,2_to_3,2,3,XLK|6,XLK|6|2_to_3|2016-03-01,1,3.155318046624312,4.2068515353058,-0.97270692071747,-0.0069926742593651,1.6411088303904364,8,6,003_005,000_005,2
XLK,etf_context,7,1_to_2,1,2,XLK|7,XLK|7|1_to_2|2019-02-05,1,16.734056632907567,16.129336270925275,1.1543427520394278,1.1543427520394278,7.291868199629888,64,42,012_020,015_020,1
XLK,etf_context,9,1_to_2,1,2,XLK|9,XLK|9|1_to_2|2020-04-06,1,7.71473822228208,8.022961269576069,0.0232499377107675,0.7470735899982595,0.9387782431122762,11,7,005_008,005_010,1
XLK,etf_context,10,1_to_2,1,2,XLK|10,XLK|10|1_to_2|2022-08-15,0,20.8768436873487,20.56052554159851,1.5724583689161076,3.442970345362561,6.81962398615716,150,102,020_plus,020_plus,1
XLK,etf_context,10,2_to_3,2,3,XLK|10,XLK|10|2_to_3|2023-01-27,1,25.277837572457106,23.410298106734995,0.1494506331198852,0.2019703960727259,12.22601869584534,165,114,020_plus,020_plus,2
IGV,etf_context,3,1_to_2,1,2,IGV|3,IGV|3|1_to_2|2011-10-24,0,4.045272850144944,4.785751720521725,-0.4494079745953172,-0.4007688019817323,1.4327894261931942,10,6,003_005,000_005,1
IGV,etf_context,3,2_to_3,2,3,IGV|3,IGV|3|2_to_3|2011-12-05,0,10.880477192655658,9.971819195753527,1.680807990255695,4.377226584784144,4.62868241369126,42,29,008_012,005_010,2
IGV,etf_context,3,3_to_4,3,4,IGV|3,IGV|3|3_to_4|2012-01-23,1,11.178543952676913,10.754563484032698,1.0660677722999612,1.0660677722999612,4.388653469026767,49,32,008_012,010_015,3+
IGV,etf_context,5,1_to_2,1,2,IGV|5,IGV|5|1_to_2|2012-11-23,1,6.373328228208408,5.155807472737939,1.3326280057835316,2.100225361415964,4.462765324670468,22,15,005_008,005_010,1
IGV,etf_context,9,1_to_2,1,2,IGV|9,IGV|9|1_to_2|2019-01-09,1,13.173884870376115,12.300246882150224,1.935010170462048,5.659496865265634,4.575425686252055,42,27,012_020,010_015,1
IGV,etf_context,11,1_to_2,1,2,IGV|11,IGV|11|1_to_2|2023-03-02,1,4.886039685127919,2.5103692192109506,1.525889635137645,4.529454591099902,2.197386434349723,29,20,003_005,000_005,1
